"173.82.245.205","https://twitter.com/noladefense/status/1673488066223259650","phishing","noladefense"
"198.55.123.185","https://twitter.com/noladefense/status/1673497156571877377","phishing","noladefense"
"194.116.214.200","https://twitter.com/noladefense/status/1673504760492638209","phishing","noladefense"
"103.242.0.184","https://twitter.com/noladefense/status/1673516041220104192","phishing","noladefense"
"23.185.0.3","https://twitter.com/noladefense/status/1673516062371971073","phishing","noladefense"
"194.50.153.39","https://twitter.com/drb_ra/status/1673519644685082625","CobaltStrike","drb_ra"
"23.185.0.1","https://twitter.com/noladefense/status/1673519824599744512","phishing","noladefense"
"45.192.178.179","https://twitter.com/KesaGataMe0/status/1673520196563378176","phishing","KesaGataMe0"
"112.213.108.191","https://twitter.com/noladefense/status/1673531205453508609","phishing","noladefense"
"2.58.242.240","https://twitter.com/noladefense/status/1673534916816957440","phishing","noladefense"
"194.169.175.192","https://twitter.com/noladefense/status/1673534939860459520","phishing","noladefense"
"34.28.54.109","https://twitter.com/KesaGataMe0/status/1673548631637639168","phishing","KesaGataMe0"
"198.16.61.253","https://twitter.com/noladefense/status/1673550017544454146","phishing","noladefense"
"156.236.74.86","https://twitter.com/noladefense/status/1673553785564585985","phishing","noladefense"
"212.127.94.2","https://twitter.com/noladefense/status/1673557605845721088","phishing","noladefense"
"43.159.195.30","https://twitter.com/noladefense/status/1673560137905127424","phishing","noladefense"
"45.192.178.158","https://twitter.com/kubotaa3/status/1673566287581298689","phishing","kubotaa3"
"118.249.188.44","https://twitter.com/drb_ra/status/1673584597379031045","Qakbot","drb_ra"
"110.159.115.53","https://twitter.com/drb_ra/status/1673584636532760578","Qakbot","drb_ra"
"197.92.136.237","https://twitter.com/drb_ra/status/1673584649694486529","Qakbot","drb_ra"
"151.64.193.70","https://twitter.com/drb_ra/status/1673584669542031360","Qakbot","drb_ra"
"102.156.211.81","https://twitter.com/drb_ra/status/1673584680526815232","Qakbot","drb_ra"
"125.24.181.115","https://twitter.com/drb_ra/status/1673584691276918785","Qakbot","drb_ra"
"151.62.186.146","https://twitter.com/drb_ra/status/1673584703427731458","Qakbot","drb_ra"
"118.249.188.62","https://twitter.com/drb_ra/status/1673584714983133186","Qakbot","drb_ra"
"107.146.12.26","https://twitter.com/drb_ra/status/1673584722784428034","Qakbot","drb_ra"
"14.201.127.164","https://twitter.com/drb_ra/status/1673584738622230529","Qakbot","drb_ra"
"142.119.122.66","https://twitter.com/drb_ra/status/1673584753415536643","Qakbot","drb_ra"
"103.59.196.146","https://twitter.com/drb_ra/status/1673584768565362690","Qakbot","drb_ra"
"184.82.239.56","https://twitter.com/drb_ra/status/1673584830058045441","Qakbot","drb_ra"
"165.154.163.101","https://twitter.com/noladefense/status/1673588970049994753","phishing","noladefense"
"45.192.178.178","https://twitter.com/kubotaa3/status/1673602384533291008","phishing","kubotaa3"
"101.43.165.220","https://twitter.com/drb_ra/status/1673605160071835648","CobaltStrike","drb_ra"
"122.201.64.145","https://twitter.com/noladefense/status/1673606668213526530","phishing","noladefense"
"154.212.129.95","https://twitter.com/bakabanker2/status/1673615748948979713","phishing","bakabanker2"
"104.168.146.229","https://twitter.com/noladefense/status/1673629342675488768","phishing","noladefense"
"185.155.96.178","https://twitter.com/drb_ra/status/1673632774345850880","CobaltStrike","drb_ra"
"154.196.13.153","https://twitter.com/drb_ra/status/1673637470204829698","CobaltStrike","drb_ra"
"198.251.88.232","https://twitter.com/kubotaa3/status/1673646751398637568","phishing","kubotaa3"
"207.154.228.253","https://twitter.com/noladefense/status/1673648148705624066","phishing","noladefense"
"159.89.52.82","https://twitter.com/drb_ra/status/1673648684469305348","CobaltStrike","drb_ra"
"121.41.179.124","https://twitter.com/drb_ra/status/1673648713506365442","CobaltStrike","drb_ra"
"116.62.16.54","https://twitter.com/drb_ra/status/1673648739561402368","CobaltStrike","drb_ra"
"119.13.90.176","https://twitter.com/drb_ra/status/1673648766295916545","CobaltStrike","drb_ra"
"124.220.31.186","https://twitter.com/drb_ra/status/1673648786848075776","CobaltStrike","drb_ra"
"101.43.149.199","https://twitter.com/drb_ra/status/1673648808096407555","CobaltStrike","drb_ra"
"144.34.172.173","https://twitter.com/drb_ra/status/1673648832473595910","CobaltStrike","drb_ra"
"121.36.203.14","https://twitter.com/drb_ra/status/1673648855739424768","CobaltStrike","drb_ra"
"101.42.169.90","https://twitter.com/drb_ra/status/1673648897577680897","CobaltStrike","drb_ra"
"192.144.199.158","https://twitter.com/drb_ra/status/1673648922076618753","CobaltStrike","drb_ra"
"1.12.235.152","https://twitter.com/drb_ra/status/1673648943639547905","CobaltStrike","drb_ra"
"110.42.213.232","https://twitter.com/drb_ra/status/1673648986614386693","CobaltStrike","drb_ra"
"120.46.211.40","https://twitter.com/drb_ra/status/1673649055602229248","CobaltStrike","drb_ra"
"23.234.242.246","https://twitter.com/drb_ra/status/1673649585607135234","CobaltStrike","drb_ra"
"112.74.56.201","https://twitter.com/drb_ra/status/1673649618301714435","CobaltStrike","drb_ra"
"1.13.91.22","https://twitter.com/drb_ra/status/1673649650295795713","CobaltStrike","drb_ra"
"139.159.196.229","https://twitter.com/drb_ra/status/1673649686085877761","CobaltStrike","drb_ra"
"13.235.190.252","https://twitter.com/drb_ra/status/1673649749864464386","CobaltStrike","drb_ra"
"103.138.22.165","https://twitter.com/drb_ra/status/1673649796219908099","CobaltStrike","drb_ra"
"183.60.189.10","https://twitter.com/drb_ra/status/1673649830550294530","CobaltStrike","drb_ra"
"116.63.162.119","https://twitter.com/drb_ra/status/1673649862238253063","CobaltStrike","drb_ra"
"198.211.32.231","https://twitter.com/drb_ra/status/1673649897940086790","CobaltStrike","drb_ra"
"198.211.15.48","https://twitter.com/drb_ra/status/1673649933730152448","CobaltStrike","drb_ra"
"121.40.147.169","https://twitter.com/drb_ra/status/1673649968756715520","CobaltStrike","drb_ra"
"198.12.74.39","https://twitter.com/drb_ra/status/1673650042270359558","CobaltStrike","drb_ra"
"43.138.206.73","https://twitter.com/drb_ra/status/1673650079264133122","CobaltStrike","drb_ra"
"123.57.248.235","https://twitter.com/drb_ra/status/1673650111560163329","CobaltStrike","drb_ra"
"154.91.83.57","https://twitter.com/noladefense/status/1673667027024728064","phishing","noladefense"
"124.70.159.242","https://twitter.com/drb_ra/status/1673669356817973248","CobaltStrike","drb_ra"
"103.149.200.79","https://twitter.com/drb_ra/status/1673669390208757760","CobaltStrike","drb_ra"
"43.139.114.134","https://twitter.com/drb_ra/status/1673669426229460997","CobaltStrike","drb_ra"
"104.129.182.29","https://twitter.com/drb_ra/status/1673669460459175939","CobaltStrike","drb_ra"
"1.117.228.211","https://twitter.com/drb_ra/status/1673669493858418690","CobaltStrike","drb_ra"
"15.235.186.181","https://twitter.com/drb_ra/status/1673670029819228162","CobaltStrike","drb_ra"
"8.222.154.119","https://twitter.com/drb_ra/status/1673670068146782208","CobaltStrike","drb_ra"
"122.112.192.110","https://twitter.com/drb_ra/status/1673670100400975875","CobaltStrike","drb_ra"
"114.55.106.100","https://twitter.com/drb_ra/status/1673670134014124039","CobaltStrike","drb_ra"
"88.214.26.100","https://twitter.com/drb_ra/status/1673670170072715264","CobaltStrike","drb_ra"
"132.148.147.109","https://twitter.com/drb_ra/status/1673670170072715264","CobaltStrike","drb_ra"
"101.33.205.73","https://twitter.com/drb_ra/status/1673670705148305409","CobaltStrike","drb_ra"
"119.91.144.175","https://twitter.com/drb_ra/status/1673670740904689665","CobaltStrike","drb_ra"
"68.178.247.43","https://twitter.com/noladefense/status/1673670826346905600","phishing","noladefense"
"155.94.156.130","https://twitter.com/noladefense/status/1673678363066597380","phishing","noladefense"
"154.196.13.135","https://twitter.com/drb_ra/status/1673691490680283138","CobaltStrike","drb_ra"
"124.220.19.234","https://twitter.com/drb_ra/status/1673691524263997440","CobaltStrike","drb_ra"
"199.34.228.96","https://twitter.com/noladefense/status/1673697252789952517","phishing","noladefense"
"47.87.194.165","https://twitter.com/noladefense/status/1673701003433058306","phishing","noladefense"
"154.26.154.154","https://twitter.com/drb_ra/status/1673702677929156610","CobaltStrike","drb_ra"
"134.122.188.175","https://twitter.com/noladefense/status/1673704744404090880","phishing","noladefense"
"172.245.254.111","https://twitter.com/noladefense/status/1673708565628870659","phishing","noladefense"
"134.122.188.139","https://twitter.com/noladefense/status/1673733787321090063","phishing","noladefense"
"87.120.88.53","https://twitter.com/noladefense/status/1673742562782330887","phishing","noladefense"
"44.209.183.255","https://twitter.com/noladefense/status/1673742589474766848","phishing","noladefense"
"175.178.92.151","https://twitter.com/drb_ra/status/1673742655342231560","CobaltStrike","drb_ra"
"124.223.28.25","https://twitter.com/drb_ra/status/1673742686019256320","CobaltStrike","drb_ra"
"1.15.153.196","https://twitter.com/drb_ra/status/1673742748912959510","CobaltStrike","drb_ra"
"201.95.96.120","https://twitter.com/drb_ra/status/1673742791237685248","CobaltStrike","drb_ra"
"82.157.147.131","https://twitter.com/drb_ra/status/1673742824888582148","CobaltStrike","drb_ra"
"101.43.86.215","https://twitter.com/drb_ra/status/1673742859038519296","CobaltStrike","drb_ra"
"1.15.139.215","https://twitter.com/drb_ra/status/1673742902151856151","CobaltStrike","drb_ra"
"8.222.135.209","https://twitter.com/noladefense/status/1673748142963974144","phishing","noladefense"
"20.187.88.233","https://twitter.com/silentpush_labs/status/1673753060181417990","phishing","silentpush_labs"
"148.251.152.86","https://twitter.com/noladefense/status/1673753862610534402","phishing","noladefense"
"118.107.9.157","https://twitter.com/noladefense/status/1673761423174905856","phishing","noladefense"
"197.87.143.192","https://twitter.com/drb_ra/status/1673766096946470931","Qakbot","drb_ra"
"191.191.1.254","https://twitter.com/drb_ra/status/1673766125341909022","Qakbot","drb_ra"
"83.110.73.124","https://twitter.com/drb_ra/status/1673766156723712000","Qakbot","drb_ra"
"190.249.196.144","https://twitter.com/drb_ra/status/1673766188696870924","Qakbot","drb_ra"
"98.19.227.246","https://twitter.com/drb_ra/status/1673766216576409609","Qakbot","drb_ra"
"98.163.227.79","https://twitter.com/drb_ra/status/1673766245584216082","Qakbot","drb_ra"
"193.124.41.154","https://twitter.com/noladefense/status/1673776503694282754","phishing","noladefense"
"47.87.144.156","https://twitter.com/noladefense/status/1673777036794421254","phishing","noladefense"
"103.101.176.20","https://twitter.com/noladefense/status/1673795375763783680","phishing","noladefense"
"47.47.34.249","https://twitter.com/drb_ra/status/1673883801959776256","CobaltStrike","drb_ra"
"39.40.235.54","https://twitter.com/drb_ra/status/1673946796266070016","Qakbot","drb_ra"
"76.68.170.65","https://twitter.com/drb_ra/status/1673946812653117441","Qakbot","drb_ra"
"49.175.72.181","https://twitter.com/drb_ra/status/1673946826041442304","Qakbot","drb_ra"
"109.153.10.81","https://twitter.com/drb_ra/status/1673946834874580992","Qakbot","drb_ra"
"74.12.147.149","https://twitter.com/drb_ra/status/1673946860136833024","Qakbot","drb_ra"
"86.171.75.24","https://twitter.com/drb_ra/status/1673946894051991553","Qakbot","drb_ra"
"105.184.209.58","https://twitter.com/drb_ra/status/1673946928168546304","Qakbot","drb_ra"
"90.63.198.45","https://twitter.com/drb_ra/status/1673946942089445376","Qakbot","drb_ra"
"116.75.63.122","https://twitter.com/drb_ra/status/1673946956329021441","Qakbot","drb_ra"
"37.6.55.202","https://twitter.com/drb_ra/status/1673946971361378306","Qakbot","drb_ra"
"92.98.108.85","https://twitter.com/drb_ra/status/1673946981713027072","Qakbot","drb_ra"
"89.152.20.11","https://twitter.com/drb_ra/status/1673946991875825664","Qakbot","drb_ra"
"82.28.123.50","https://twitter.com/drb_ra/status/1673947001422053377","Qakbot","drb_ra"
"89.32.158.24","https://twitter.com/drb_ra/status/1673947022141845505","Qakbot","drb_ra"
"39.49.77.48","https://twitter.com/drb_ra/status/1673947032065658880","Qakbot","drb_ra"
"41.100.133.5","https://twitter.com/drb_ra/status/1673947050281431040","Qakbot","drb_ra"
"43.139.147.95","https://twitter.com/drb_ra/status/1673971227998781441","CobaltStrike","drb_ra"
"43.163.201.174","https://twitter.com/noladefense/status/1673972793199800321","phishing","noladefense"
"192.210.223.45","https://twitter.com/harugasumi/status/1673977567521697794","phishing","harugasumi"
"43.139.221.182","https://twitter.com/drb_ra/status/1673978623458525185","CobaltStrike","drb_ra"
"43.142.90.7","https://twitter.com/drb_ra/status/1673978655641403392","CobaltStrike","drb_ra"
"120.194.218.94","https://twitter.com/drb_ra/status/1673978676558397440","CobaltStrike","drb_ra"
"3.14.130.179","https://twitter.com/drb_ra/status/1673978693419515904","CobaltStrike","drb_ra"
"39.101.183.54","https://twitter.com/drb_ra/status/1673978733026263040","CobaltStrike","drb_ra"
"62.234.3.193","https://twitter.com/drb_ra/status/1673978756401180673","CobaltStrike","drb_ra"
"81.71.102.76","https://twitter.com/drb_ra/status/1673978772654112776","CobaltStrike","drb_ra"
"47.92.87.184","https://twitter.com/drb_ra/status/1673978789775196160","CobaltStrike","drb_ra"
"121.40.75.34","https://twitter.com/drb_ra/status/1673978789775196160","CobaltStrike","drb_ra"
"43.142.89.138","https://twitter.com/drb_ra/status/1673978810117545985","CobaltStrike","drb_ra"
"47.92.128.8","https://twitter.com/drb_ra/status/1673978840878546945","CobaltStrike","drb_ra"
"38.55.189.201","https://twitter.com/drb_ra/status/1673978855973847040","CobaltStrike","drb_ra"
"47.104.181.189","https://twitter.com/drb_ra/status/1673978871840997376","CobaltStrike","drb_ra"
"110.81.153.75","https://twitter.com/drb_ra/status/1673978897690501123","CobaltStrike","drb_ra"
"150.230.201.17","https://twitter.com/drb_ra/status/1673978927721725952","CobaltStrike","drb_ra"
"82.157.195.150","https://twitter.com/drb_ra/status/1673978952250015744","CobaltStrike","drb_ra"
"39.99.242.16","https://twitter.com/drb_ra/status/1673979002766209025","CobaltStrike","drb_ra"
"173.82.225.34","https://twitter.com/drb_ra/status/1673979026174607366","CobaltStrike","drb_ra"
"8.134.122.165","https://twitter.com/drb_ra/status/1673979045439066113","CobaltStrike","drb_ra"
"8.219.185.16","https://twitter.com/drb_ra/status/1673979069107519489","CobaltStrike","drb_ra"
"39.100.75.193","https://twitter.com/drb_ra/status/1673979118780665857","CobaltStrike","drb_ra"
"104.17.123.55","https://twitter.com/noladefense/status/1673995485122555904","phishing","noladefense"
"156.241.132.32","https://twitter.com/drb_ra/status/1673995942331047936","CobaltStrike","drb_ra"
"206.237.30.76","https://twitter.com/drb_ra/status/1673998124962938883","CobaltStrike","drb_ra"
"103.173.154.214","https://twitter.com/drb_ra/status/1674002038173102082","CobaltStrike","drb_ra"
"111.230.26.9","https://twitter.com/drb_ra/status/1674002166040653824","CobaltStrike","drb_ra"
"121.40.147.169","https://twitter.com/drb_ra/status/1674002222982615040","CobaltStrike","drb_ra"
"207.154.228.253","https://twitter.com/noladefense/status/1674014322073190402","phishing","noladefense"
"35.200.202.209","https://twitter.com/Ox4d5a/status/1674016795794243584","malware","Ox4d5a"
"204.44.75.99","https://twitter.com/bakabanker2/status/1674033556199469056","phishing","bakabanker2"
"103.234.72.150","https://twitter.com/drb_ra/status/1674033836475269120","CobaltStrike","drb_ra"
"46.21.153.142","https://twitter.com/drb_ra/status/1674034052469342208","CobaltStrike","drb_ra"
"43.139.190.82","https://twitter.com/drb_ra/status/1674034382326099972","CobaltStrike","drb_ra"
"46.29.161.12","https://twitter.com/drb_ra/status/1674034411422072833","CobaltStrike","drb_ra"
"43.159.38.188","https://twitter.com/drb_ra/status/1674034450177425409","CobaltStrike","drb_ra"
"107.189.31.184","https://twitter.com/drb_ra/status/1674035010532196352","CobaltStrike","drb_ra"
"8.134.96.195","https://twitter.com/drb_ra/status/1674035043558125569","CobaltStrike","drb_ra"
"43.138.107.32","https://twitter.com/drb_ra/status/1674035108620169217","CobaltStrike","drb_ra"
"49.4.88.243","https://twitter.com/drb_ra/status/1674035138676621313","CobaltStrike","drb_ra"
"95.214.26.27","https://twitter.com/drb_ra/status/1674035175376707584","CobaltStrike","drb_ra"
"146.70.149.196","https://twitter.com/drb_ra/status/1674035211179372545","CobaltStrike","drb_ra"
"43.142.187.77","https://twitter.com/drb_ra/status/1674035774222737408","CobaltStrike","drb_ra"
"107.150.5.142","https://twitter.com/noladefense/status/1674060145192468485","phishing","noladefense"
"199.188.205.227","https://twitter.com/yvesago/status/1674069926498254848","phishing","yvesago"
"117.18.15.215","https://twitter.com/noladefense/status/1674074709955170306","phishing","noladefense"
"54.157.70.31","https://twitter.com/noladefense/status/1674074736127606784","phishing","noladefense"
"91.92.109.11","https://twitter.com/noladefense/status/1674074749188689927","phishing","noladefense"
"43.153.176.66","https://twitter.com/noladefense/status/1674078497424265217","phishing","noladefense"
"8.222.135.209","https://twitter.com/noladefense/status/1674081761699983362","phishing","noladefense"
"170.106.187.139","https://twitter.com/noladefense/status/1674093594758590464","phishing","noladefense"
"5.188.87.47","https://twitter.com/drb_ra/status/1674104060964732928","CobaltStrike","drb_ra"
"35.78.65.63","https://twitter.com/drb_ra/status/1674104094787502095","CobaltStrike","drb_ra"
"104.236.180.75","https://twitter.com/drb_ra/status/1674104131676405760","CobaltStrike","drb_ra"
"139.9.134.16","https://twitter.com/drb_ra/status/1674104169370615837","CobaltStrike","drb_ra"
"172.174.64.174","https://twitter.com/drb_ra/status/1674104206981046272","CobaltStrike","drb_ra"
"13.92.24.109","https://twitter.com/drb_ra/status/1674104206981046272","CobaltStrike","drb_ra"
"74.119.194.239","https://twitter.com/drb_ra/status/1674104248638881793","CobaltStrike","drb_ra"
"43.155.75.235","https://twitter.com/drb_ra/status/1674104298244800525","CobaltStrike","drb_ra"
"117.50.174.131","https://twitter.com/drb_ra/status/1674104340653416453","CobaltStrike","drb_ra"
"47.98.216.22","https://twitter.com/drb_ra/status/1674104382902632452","CobaltStrike","drb_ra"
"45.227.255.38","https://twitter.com/drb_ra/status/1674104456864989211","CobaltStrike","drb_ra"
"107.151.252.191","https://twitter.com/drb_ra/status/1674105025591640075","CobaltStrike","drb_ra"
"123.57.83.141","https://twitter.com/drb_ra/status/1674105055912361984","CobaltStrike","drb_ra"
"182.92.71.20","https://twitter.com/drb_ra/status/1674105092264296457","CobaltStrike","drb_ra"
"216.83.54.172","https://twitter.com/noladefense/status/1674111297493794820","phishing","noladefense"
"172.67.180.141","https://twitter.com/silentpush_labs/status/1674115445685911553","phishing","silentpush_labs"
"107.172.158.170","https://twitter.com/noladefense/status/1674118847488573447","phishing","noladefense"
"18.66.192.37","https://twitter.com/noladefense/status/1674120030924185600","phishing","noladefense"
"149.102.243.187","https://twitter.com/ScumBots/status/1674120413155057673","Remcos","ScumBots"
"197.89.10.173","https://twitter.com/drb_ra/status/1674129172233371653","Qakbot","drb_ra"
"41.100.157.211","https://twitter.com/drb_ra/status/1674129203053174784","Qakbot","drb_ra"
"201.124.243.171","https://twitter.com/drb_ra/status/1674129233851953153","Qakbot","drb_ra"
"192.252.166.6","https://twitter.com/drb_ra/status/1674129264734621711","Qakbot","drb_ra"
"70.52.230.210","https://twitter.com/drb_ra/status/1674129295797637142","Qakbot","drb_ra"
"95.239.206.5","https://twitter.com/drb_ra/status/1674129329188491264","Qakbot","drb_ra"
"73.228.157.253","https://twitter.com/drb_ra/status/1674129361300082703","Qakbot","drb_ra"
"65.94.85.237","https://twitter.com/drb_ra/status/1674129395596906505","Qakbot","drb_ra"
"81.103.94.60","https://twitter.com/drb_ra/status/1674129432062185488","Qakbot","drb_ra"
"86.130.9.215","https://twitter.com/drb_ra/status/1674129469928361988","Qakbot","drb_ra"
"115.186.158.144","https://twitter.com/drb_ra/status/1674129508851412992","Qakbot","drb_ra"
"216.215.94.46","https://twitter.com/drb_ra/status/1674129546273083394","Qakbot","drb_ra"
"71.29.114.93","https://twitter.com/drb_ra/status/1674129582125994003","Qakbot","drb_ra"
"86.160.222.62","https://twitter.com/drb_ra/status/1674129617416867872","Qakbot","drb_ra"
"179.104.37.97","https://twitter.com/drb_ra/status/1674129648454717457","Qakbot","drb_ra"
"116.74.163.119","https://twitter.com/drb_ra/status/1674129684928385039","Qakbot","drb_ra"
"161.142.102.116","https://twitter.com/drb_ra/status/1674129718906441733","Qakbot","drb_ra"
"171.96.205.23","https://twitter.com/drb_ra/status/1674129755153616905","Qakbot","drb_ra"
"122.184.143.83","https://twitter.com/drb_ra/status/1674129787760136197","Qakbot","drb_ra"
"47.87.144.156","https://twitter.com/noladefense/status/1674143240835006465","phishing","noladefense"
"198.251.89.9","https://twitter.com/kubotaa3/status/1674157648441384960","phishing","kubotaa3"
"154.205.7.244","https://twitter.com/kubotaa3/status/1674176533123203073","phishing","kubotaa3"
"155.94.156.130","https://twitter.com/noladefense/status/1674180419216982019","phishing","noladefense"
"198.251.88.216","https://twitter.com/kubotaa3/status/1674181855434903552","phishing","kubotaa3"
"20.239.64.43","https://twitter.com/drb_ra/status/1674184964005408774","CobaltStrike","drb_ra"
"43.245.199.163","https://twitter.com/drb_ra/status/1674185559755964416","CobaltStrike","drb_ra"
"43.142.85.2","https://twitter.com/drb_ra/status/1674189146762387457","CobaltStrike","drb_ra"
"221.228.216.138","https://twitter.com/drb_ra/status/1674189175363452929","CobaltStrike","drb_ra"
"58.87.104.41","https://twitter.com/drb_ra/status/1674189175363452929","CobaltStrike","drb_ra"
"125.77.29.201","https://twitter.com/drb_ra/status/1674189211845505024","CobaltStrike","drb_ra"
"113.137.62.14","https://twitter.com/drb_ra/status/1674189240928813058","CobaltStrike","drb_ra"
"113.105.162.253","https://twitter.com/drb_ra/status/1674189272285339648","CobaltStrike","drb_ra"
"42.56.64.102","https://twitter.com/drb_ra/status/1674189300366204928","CobaltStrike","drb_ra"
"175.178.213.59","https://twitter.com/drb_ra/status/1674189340392472578","CobaltStrike","drb_ra"
"139.155.0.238","https://twitter.com/drb_ra/status/1674189372034351105","CobaltStrike","drb_ra"
"152.136.44.210","https://twitter.com/drb_ra/status/1674189404804399106","CobaltStrike","drb_ra"
"146.19.253.110","https://twitter.com/drb_ra/status/1674189437545111554","CobaltStrike","drb_ra"
"47.93.63.179","https://twitter.com/drb_ra/status/1674189474648010758","CobaltStrike","drb_ra"
"175.27.252.142","https://twitter.com/drb_ra/status/1674189505786511363","CobaltStrike","drb_ra"
"120.46.211.40","https://twitter.com/drb_ra/status/1674189538854416389","CobaltStrike","drb_ra"
"118.195.243.51","https://twitter.com/drb_ra/status/1674189571439902722","CobaltStrike","drb_ra"
"140.237.86.189","https://twitter.com/drb_ra/status/1674189607351771137","CobaltStrike","drb_ra"
"194.163.163.50","https://twitter.com/drb_ra/status/1674189642210443264","CobaltStrike","drb_ra"
"1.15.248.225","https://twitter.com/drb_ra/status/1674189672539463680","CobaltStrike","drb_ra"
"117.72.15.114","https://twitter.com/drb_ra/status/1674189706513334273","CobaltStrike","drb_ra"
"104.168.175.122","https://twitter.com/drb_ra/status/1674189740931796996","CobaltStrike","drb_ra"
"20.85.192.247","https://twitter.com/drb_ra/status/1674190271687344129","CobaltStrike","drb_ra"
"13.48.136.133","https://twitter.com/drb_ra/status/1674190305069760512","CobaltStrike","drb_ra"
"194.50.153.12","https://twitter.com/drb_ra/status/1674190343867170816","CobaltStrike","drb_ra"
"118.195.134.30","https://twitter.com/drb_ra/status/1674190406244769792","CobaltStrike","drb_ra"
"124.71.161.182","https://twitter.com/drb_ra/status/1674190435617472512","CobaltStrike","drb_ra"
"107.172.157.63","https://twitter.com/drb_ra/status/1674190478906990594","CobaltStrike","drb_ra"
"103.39.78.166","https://twitter.com/drb_ra/status/1674190511299612674","CobaltStrike","drb_ra"
"104.168.175.120","https://twitter.com/drb_ra/status/1674190547437617155","CobaltStrike","drb_ra"
"175.178.115.15","https://twitter.com/drb_ra/status/1674190586251816965","CobaltStrike","drb_ra"
"185.221.202.170","https://twitter.com/drb_ra/status/1674190616283033602","CobaltStrike","drb_ra"
"59.110.225.206","https://twitter.com/drb_ra/status/1674190648042201088","CobaltStrike","drb_ra"
"198.251.89.9","https://twitter.com/KesaGataMe0/status/1674206760524193792","phishing","KesaGataMe0"
"43.163.201.174","https://twitter.com/noladefense/status/1674206836784873472","phishing","noladefense"
"198.251.88.216","https://twitter.com/KesaGataMe0/status/1674207978105495552","phishing","KesaGataMe0"
"43.153.176.66","https://twitter.com/KesaGataMe0/status/1674218023455191041","phishing","KesaGataMe0"
"47.87.144.156","https://twitter.com/noladefense/status/1674218608551948289","phishing","noladefense"
"162.241.225.60","https://twitter.com/noladefense/status/1674225774629404673","phishing","noladefense"
"107.150.6.105","https://twitter.com/KesaGataMe0/status/1674229317172363264","phishing","KesaGataMe0"
"46.242.196.250","https://twitter.com/romonlyht/status/1674232692446228480","phishing","romonlyht"
"45.169.236.132","https://twitter.com/romonlyht/status/1674232692446228480","phishing","romonlyht"
"154.205.8.49","https://twitter.com/harugasumi/status/1674232840916180992","phishing","harugasumi"
"154.205.11.18","https://twitter.com/harugasumi/status/1674232840916180992","phishing","harugasumi"
"202.95.13.207","https://twitter.com/noladefense/status/1674237066933149698","phishing","noladefense"
"34.96.240.180","https://twitter.com/drb_ra/status/1674244274072821761","CobaltStrike","drb_ra"
"34.92.14.11","https://twitter.com/drb_ra/status/1674244274072821761","CobaltStrike","drb_ra"
"118.195.134.30","https://twitter.com/drb_ra/status/1674244308700897282","CobaltStrike","drb_ra"
"47.87.154.160","https://twitter.com/noladefense/status/1674252127944728577","phishing","noladefense"
"204.44.75.99","https://twitter.com/noladefense/status/1674271772785487872","phishing","noladefense"
"152.32.192.238","https://twitter.com/KesaGataMe0/status/1674275805978050562","phishing","KesaGataMe0"
"107.174.224.123","https://twitter.com/noladefense/status/1674286139371405312","phishing","noladefense"
"107.173.210.230","https://twitter.com/noladefense/status/1674293661675208707","phishing","noladefense"
"204.44.87.27","https://twitter.com/noladefense/status/1674308154228715520","phishing","noladefense"
"86.130.9.180","https://twitter.com/drb_ra/status/1674309437677355009","Qakbot","drb_ra"
"122.184.143.84","https://twitter.com/drb_ra/status/1674309447181639680","Qakbot","drb_ra"
"192.252.164.186","https://twitter.com/drb_ra/status/1674309459890274310","Qakbot","drb_ra"
"142.154.15.141","https://twitter.com/drb_ra/status/1674309480895459330","Qakbot","drb_ra"
"5.54.79.204","https://twitter.com/drb_ra/status/1674309563678334977","Qakbot","drb_ra"
"105.184.103.218","https://twitter.com/drb_ra/status/1674309621534605312","Qakbot","drb_ra"
"144.126.230.14","https://twitter.com/drb_ra/status/1674309671547486208","Dcrat","drb_ra"
"204.44.87.115","https://twitter.com/noladefense/status/1674315528209350657","phishing","noladefense"
"146.59.161.7","https://twitter.com/K_N1kolenko/status/1674315601790095360","RedLine","K_N1kolenko"
"95.217.14.200","https://twitter.com/K_N1kolenko/status/1674315601790095360","RedLine","K_N1kolenko"
"101.35.47.120","https://twitter.com/drb_ra/status/1674332228791283712","CobaltStrike","drb_ra"
"45.192.178.156","https://twitter.com/KesaGataMe0/status/1674343448152014850","phishing","KesaGataMe0"
"150.158.75.102","https://twitter.com/drb_ra/status/1674357382963425280","CobaltStrike","drb_ra"
"194.50.153.117","https://twitter.com/drb_ra/status/1674357989979856904","CobaltStrike","drb_ra"
"23.95.44.10","https://twitter.com/drb_ra/status/1674358181114331137","CobaltStrike","drb_ra"
"81.69.10.170","https://twitter.com/drb_ra/status/1674358267437367296","CobaltStrike","drb_ra"
"124.223.34.106","https://twitter.com/drb_ra/status/1674358419803844608","CobaltStrike","drb_ra"
"36.248.54.138","https://twitter.com/drb_ra/status/1674358421791952896","CobaltStrike","drb_ra"
"119.36.218.86","https://twitter.com/drb_ra/status/1674358419803844608","CobaltStrike","drb_ra"
"45.145.228.7","https://twitter.com/drb_ra/status/1674358499222888448","CobaltStrike","drb_ra"
"38.6.179.130","https://twitter.com/drb_ra/status/1674358571201339392","CobaltStrike","drb_ra"
"119.91.144.175","https://twitter.com/drb_ra/status/1674358634850004995","CobaltStrike","drb_ra"
"8.137.104.86","https://twitter.com/drb_ra/status/1674358681264168960","CobaltStrike","drb_ra"
"121.4.88.169","https://twitter.com/drb_ra/status/1674358711941316608","CobaltStrike","drb_ra"
"8.212.44.149","https://twitter.com/drb_ra/status/1674396657662717958","CobaltStrike","drb_ra"
"185.106.93.4","https://twitter.com/noladefense/status/1674425805844418561","phishing","noladefense"
"148.66.136.53","https://twitter.com/noladefense/status/1674433396783607808","phishing","noladefense"
"8.217.152.126","https://twitter.com/noladefense/status/1674437441258659840","phishing","noladefense"
"47.74.3.116","https://twitter.com/kubotaa3/status/1674442786136006656","phishing","kubotaa3"
"134.122.188.186","https://twitter.com/noladefense/status/1674448426187079683","phishing","noladefense"
"154.204.43.79","https://twitter.com/noladefense/status/1674452625348079616","phishing","noladefense"
"107.174.95.218","https://twitter.com/noladefense/status/1674453169416306688","phishing","noladefense"
"38.47.204.98","https://twitter.com/noladefense/status/1674455987741130752","phishing","noladefense"
"194.50.153.12","https://twitter.com/drb_ra/status/1674460555749228546","CobaltStrike","drb_ra"
"43.139.136.224","https://twitter.com/drb_ra/status/1674460585340153872","CobaltStrike","drb_ra"
"43.143.175.235","https://twitter.com/drb_ra/status/1674460610812162061","CobaltStrike","drb_ra"
"167.172.1.42","https://twitter.com/drb_ra/status/1674460639052410880","CobaltStrike","drb_ra"
"124.220.32.134","https://twitter.com/drb_ra/status/1674460661298999306","CobaltStrike","drb_ra"
"52.20.121.120","https://twitter.com/drb_ra/status/1674460683990183947","CobaltStrike","drb_ra"
"203.56.121.86","https://twitter.com/drb_ra/status/1674460699857231874","CobaltStrike","drb_ra"
"175.178.17.166","https://twitter.com/drb_ra/status/1674460715518767119","CobaltStrike","drb_ra"
"209.141.46.180","https://twitter.com/drb_ra/status/1674460738042179589","CobaltStrike","drb_ra"
"175.27.252.142","https://twitter.com/drb_ra/status/1674460761920352273","CobaltStrike","drb_ra"
"47.236.31.145","https://twitter.com/drb_ra/status/1674460784955469835","CobaltStrike","drb_ra"
"165.22.186.220","https://twitter.com/drb_ra/status/1674460814818914309","CobaltStrike","drb_ra"
"125.124.50.87","https://twitter.com/drb_ra/status/1674460836356579328","CobaltStrike","drb_ra"
"107.172.158.170","https://twitter.com/noladefense/status/1674460856858423305","phishing","noladefense"
"43.143.74.28","https://twitter.com/drb_ra/status/1674460862218657792","CobaltStrike","drb_ra"
"47.92.149.203","https://twitter.com/drb_ra/status/1674460886071750672","CobaltStrike","drb_ra"
"45.15.141.24","https://twitter.com/drb_ra/status/1674461400683491334","CobaltStrike","drb_ra"
"20.85.192.247","https://twitter.com/drb_ra/status/1674461490026360846","CobaltStrike","drb_ra"
"124.221.219.154","https://twitter.com/drb_ra/status/1674461525321429005","CobaltStrike","drb_ra"
"162.14.209.70","https://twitter.com/drb_ra/status/1674461572025004054","CobaltStrike","drb_ra"
"222.94.105.234","https://twitter.com/drb_ra/status/1674461614748184581","CobaltStrike","drb_ra"
"162.19.68.68","https://twitter.com/drb_ra/status/1674461657311981588","CobaltStrike","drb_ra"
"52.220.77.124","https://twitter.com/drb_ra/status/1674461706569887772","CobaltStrike","drb_ra"
"112.124.53.64","https://twitter.com/drb_ra/status/1674461749922213892","CobaltStrike","drb_ra"
"39.105.107.87","https://twitter.com/drb_ra/status/1674461794075652106","CobaltStrike","drb_ra"
"124.71.215.112","https://twitter.com/drb_ra/status/1674461830876475406","CobaltStrike","drb_ra"
"43.139.16.102","https://twitter.com/drb_ra/status/1674461876892184604","CobaltStrike","drb_ra"
"150.230.201.17","https://twitter.com/drb_ra/status/1674461927450320896","CobaltStrike","drb_ra"
"124.223.76.130","https://twitter.com/drb_ra/status/1674461964192428051","CobaltStrike","drb_ra"
"165.154.134.126","https://twitter.com/noladefense/status/1674468247888965633","phishing","noladefense"
"103.147.13.191","https://twitter.com/tosscoinwitcher/status/1674470806703976449","CobaltStrike","tosscoinwitcher"
"185.156.72.17","https://twitter.com/silentpush_labs/status/1674477841998553090","phishing","silentpush_labs"
"194.87.218.64","https://twitter.com/drb_ra/status/1674491034112258059","Dcrat","drb_ra"
"122.186.210.254","https://twitter.com/drb_ra/status/1674491069860544512","Qakbot","drb_ra"
"74.12.147.214","https://twitter.com/drb_ra/status/1674491096007598081","Qakbot","drb_ra"
"171.96.205.187","https://twitter.com/drb_ra/status/1674491127028928512","Qakbot","drb_ra"
"102.159.183.231","https://twitter.com/drb_ra/status/1674491153419235335","Qakbot","drb_ra"
"202.88.154.146","https://twitter.com/drb_ra/status/1674491186558431260","Qakbot","drb_ra"
"151.62.58.53","https://twitter.com/drb_ra/status/1674491216153440275","Qakbot","drb_ra"
"87.221.196.10","https://twitter.com/drb_ra/status/1674491248038539266","Qakbot","drb_ra"
"198.251.88.175","https://twitter.com/kubotaa3/status/1674529790882361344","phishing","kubotaa3"
"154.205.11.125","https://twitter.com/kubotaa3/status/1674533011763896321","phishing","kubotaa3"
"31.44.184.129","https://twitter.com/KorbenD_Intel/status/1674533661415292928","CobaltStrike","KorbenD_Intel"
"47.251.10.95","https://twitter.com/agesipolis1/status/1674538639064219648","malware","agesipolis1"
"103.234.72.90","https://twitter.com/drb_ra/status/1674553104845381632","CobaltStrike","drb_ra"
"103.234.72.253","https://twitter.com/drb_ra/status/1674553104845381632","CobaltStrike","drb_ra"
"106.55.187.63","https://twitter.com/drb_ra/status/1674553135644176384","CobaltStrike","drb_ra"
"124.223.177.244","https://twitter.com/drb_ra/status/1674553172499611656","CobaltStrike","drb_ra"
"45.77.31.150","https://twitter.com/drb_ra/status/1674553206020472832","CobaltStrike","drb_ra"
"134.122.188.175","https://twitter.com/noladefense/status/1674563708813471745","phishing","noladefense"
"138.124.182.94","https://twitter.com/noladefense/status/1674565511869235214","phishing","noladefense"
"43.163.201.174","https://twitter.com/noladefense/status/1674569235652018178","phishing","noladefense"
"149.102.255.199","https://twitter.com/noladefense/status/1674569274596245504","phishing","noladefense"
"107.172.158.170","https://twitter.com/KesaGataMe0/status/1674580863487729664","phishing","KesaGataMe0"
"34.146.202.60","https://twitter.com/noladefense/status/1674585340235882496","phishing","noladefense"
"63.250.43.132","https://twitter.com/noladefense/status/1674599457810182148","phishing","noladefense"
"162.245.187.106","https://twitter.com/KesaGataMe0/status/1674600814395142144","phishing","KesaGataMe0"
"43.153.176.66","https://twitter.com/noladefense/status/1674606979887554566","phishing","noladefense"
"62.204.41.24","https://twitter.com/drb_ra/status/1674608864350687232","CobaltStrike","drb_ra"
"23.106.215.237","https://twitter.com/drb_ra/status/1674609398646226951","CobaltStrike","drb_ra"
"216.83.54.196","https://twitter.com/noladefense/status/1674611088950808576","phishing","noladefense"
"152.32.192.238","https://twitter.com/noladefense/status/1674614540087033861","phishing","noladefense"
"204.44.75.99","https://twitter.com/noladefense/status/1674643275184058368","phishing","noladefense"
"204.44.87.115","https://twitter.com/noladefense/status/1674657808405483523","phishing","noladefense"
"192.227.133.204","https://twitter.com/harugasumi/status/1674659088482058240","phishing","harugasumi"
"68.65.123.229","https://twitter.com/dubstard/status/1674660972131151873","phishing","dubstard"
"68.65.123.229","https://twitter.com/dubstard/status/1674660972131151873","scam","dubstard"
"84.54.50.160","https://twitter.com/noladefense/status/1674671186142216192","phishing","noladefense"
"81.150.169.174","https://twitter.com/drb_ra/status/1674671945130950656","Qakbot","drb_ra"
"184.82.228.178","https://twitter.com/drb_ra/status/1674671988919468032","Qakbot","drb_ra"
"37.220.86.6","https://twitter.com/K_N1kolenko/status/1674674154786676736","RedLine","K_N1kolenko"
"65.108.3.31","https://twitter.com/K_N1kolenko/status/1674674154786676736","RedLine","K_N1kolenko"
"103.157.142.151","https://twitter.com/KesaGataMe0/status/1674685484302503937","phishing","KesaGataMe0"
"206.189.139.142","https://twitter.com/drb_ra/status/1674725441569996801","CobaltStrike","drb_ra"
"106.12.142.240","https://twitter.com/drb_ra/status/1674725480841216002","CobaltStrike","drb_ra"
"45.32.43.6","https://twitter.com/drb_ra/status/1674725503800864768","CobaltStrike","drb_ra"
"149.129.72.37","https://twitter.com/drb_ra/status/1674725527473537024","CobaltStrike","drb_ra"
"167.172.1.42","https://twitter.com/drb_ra/status/1674725559622926336","CobaltStrike","drb_ra"
"165.22.186.220","https://twitter.com/drb_ra/status/1674725559622926336","CobaltStrike","drb_ra"
"123.249.40.202","https://twitter.com/drb_ra/status/1674725604820697089","CobaltStrike","drb_ra"
"156.224.26.228","https://twitter.com/drb_ra/status/1674725656796577794","CobaltStrike","drb_ra"
"45.152.64.75","https://twitter.com/drb_ra/status/1674725683824656384","CobaltStrike","drb_ra"
"45.144.137.95","https://twitter.com/drb_ra/status/1674725706666786816","CobaltStrike","drb_ra"
"81.71.137.243","https://twitter.com/drb_ra/status/1674725754473529344","CobaltStrike","drb_ra"
"123.249.100.70","https://twitter.com/drb_ra/status/1674725788078288896","CobaltStrike","drb_ra"
"101.33.235.149","https://twitter.com/drb_ra/status/1674725854897664007","CobaltStrike","drb_ra"
"47.115.226.34","https://twitter.com/drb_ra/status/1674725876703821829","CobaltStrike","drb_ra"
"107.172.157.40","https://twitter.com/drb_ra/status/1674725899311144966","CobaltStrike","drb_ra"
"103.234.72.253","https://twitter.com/drb_ra/status/1674725917485064192","CobaltStrike","drb_ra"
"81.71.17.43","https://twitter.com/drb_ra/status/1674725932316217346","CobaltStrike","drb_ra"
"120.53.89.14","https://twitter.com/drb_ra/status/1674725952247541760","CobaltStrike","drb_ra"
"103.173.154.214","https://twitter.com/drb_ra/status/1674725993783734273","CobaltStrike","drb_ra"
"45.136.14.101","https://twitter.com/drb_ra/status/1674726014298083328","CobaltStrike","drb_ra"
"110.42.205.49","https://twitter.com/drb_ra/status/1674726033881280514","CobaltStrike","drb_ra"
"123.249.28.204","https://twitter.com/drb_ra/status/1674726064705138688","CobaltStrike","drb_ra"
"107.175.142.60","https://twitter.com/drb_ra/status/1674726087970922497","CobaltStrike","drb_ra"
"69.165.70.101","https://twitter.com/drb_ra/status/1674726107197612032","CobaltStrike","drb_ra"
"69.165.70.103","https://twitter.com/drb_ra/status/1674726107197612032","CobaltStrike","drb_ra"
"43.138.179.199","https://twitter.com/drb_ra/status/1674726130228555778","CobaltStrike","drb_ra"
"150.158.37.125","https://twitter.com/drb_ra/status/1674726169877282816","CobaltStrike","drb_ra"
"8.140.37.238","https://twitter.com/drb_ra/status/1674726192052576256","CobaltStrike","drb_ra"
"43.143.184.22","https://twitter.com/drb_ra/status/1674759015820144640","CobaltStrike","drb_ra"
"43.153.184.22","https://twitter.com/drb_ra/status/1674759015820144640","CobaltStrike","drb_ra"
"43.139.16.102","https://twitter.com/drb_ra/status/1674759153204568066","CobaltStrike","drb_ra"
"107.172.143.55","https://twitter.com/drb_ra/status/1674759186670911491","CobaltStrike","drb_ra"
"1.14.72.73","https://twitter.com/drb_ra/status/1674759218249834496","CobaltStrike","drb_ra"
"198.251.88.63","https://twitter.com/kubotaa3/status/1674770653998882816","phishing","kubotaa3"
"194.36.170.185","https://twitter.com/harugasumi/status/1674781925683372034","phishing","harugasumi"
"31.170.127.254","https://twitter.com/yvesago/status/1674782191073763336","phishing","yvesago"
"119.13.90.176","https://twitter.com/drb_ra/status/1674788436350468100","CobaltStrike","drb_ra"
"104.223.121.37","https://twitter.com/drb_ra/status/1674788870997807106","CobaltStrike","drb_ra"
"134.122.188.186","https://twitter.com/KesaGataMe0/status/1674806960091443200","phishing","KesaGataMe0"
"43.135.155.35","https://twitter.com/drb_ra/status/1674825480099315749","CobaltStrike","drb_ra"
"192.3.98.52","https://twitter.com/drb_ra/status/1674825515906088984","CobaltStrike","drb_ra"
"119.91.211.207","https://twitter.com/drb_ra/status/1674825637343772688","CobaltStrike","drb_ra"
"43.224.153.57","https://twitter.com/drb_ra/status/1674825660529881089","CobaltStrike","drb_ra"
"121.36.81.223","https://twitter.com/drb_ra/status/1674825708969902111","CobaltStrike","drb_ra"
"45.77.31.150","https://twitter.com/drb_ra/status/1674825737398894598","CobaltStrike","drb_ra"
"46.21.153.146","https://twitter.com/drb_ra/status/1674825820253175821","CobaltStrike","drb_ra"
"213.226.123.70","https://twitter.com/silentpush_labs/status/1674840223434555392","phishing","silentpush_labs"
"95.16.149.148","https://twitter.com/drb_ra/status/1674853360648716289","Qakbot","drb_ra"
"46.198.224.75","https://twitter.com/drb_ra/status/1674853391812395030","Qakbot","drb_ra"
"74.12.147.111","https://twitter.com/drb_ra/status/1674853428734877711","Qakbot","drb_ra"
"75.2.103.32","https://twitter.com/leoescobarq/status/1674882833347670018","phishing","leoescobarq"
"43.139.15.22","https://twitter.com/drb_ra/status/1674909091867639810","CobaltStrike","drb_ra"
"175.178.242.75","https://twitter.com/drb_ra/status/1674909129473925120","CobaltStrike","drb_ra"
"193.233.232.230","https://twitter.com/drb_ra/status/1674909700729577472","CobaltStrike","drb_ra"
"60.188.56.136","https://twitter.com/drb_ra/status/1674909728315523073","CobaltStrike","drb_ra"
"120.46.39.64","https://twitter.com/drb_ra/status/1674919407129165828","CobaltStrike","drb_ra"
"139.198.181.40","https://twitter.com/drb_ra/status/1674919940292239362","CobaltStrike","drb_ra"
"34.205.142.33","https://twitter.com/drb_ra/status/1674919969526628353","CobaltStrike","drb_ra"
"192.3.231.108","https://twitter.com/drb_ra/status/1674920008927813632","CobaltStrike","drb_ra"
"103.44.250.187","https://twitter.com/drb_ra/status/1674920044591996932","CobaltStrike","drb_ra"
"185.183.94.24","https://twitter.com/drb_ra/status/1674920077567709189","CobaltStrike","drb_ra"
"165.154.113.120","https://twitter.com/drb_ra/status/1674920112078352386","CobaltStrike","drb_ra"
"34.92.125.242","https://twitter.com/drb_ra/status/1674920190868348928","CobaltStrike","drb_ra"
"52.186.141.15","https://twitter.com/drb_ra/status/1674920223449784320","CobaltStrike","drb_ra"
"168.61.36.253","https://twitter.com/drb_ra/status/1674920223449784320","CobaltStrike","drb_ra"
"121.4.34.103","https://twitter.com/drb_ra/status/1674920263060791296","CobaltStrike","drb_ra"
"204.44.82.123","https://twitter.com/ozuma5119/status/1674951537775476736","phishing","ozuma5119"
"121.36.81.223","https://twitter.com/drb_ra/status/1674969860579663872","CobaltStrike","drb_ra"
"35.200.129.221","https://twitter.com/Ox4d5a/status/1675011197509468161","malware","Ox4d5a"
"190.75.128.156","https://twitter.com/drb_ra/status/1675033957446955008","Qakbot","drb_ra"
"31.190.253.36","https://twitter.com/drb_ra/status/1675033975574745088","Qakbot","drb_ra"
"188.116.62.225","https://twitter.com/drb_ra/status/1675033989642428416","Qakbot","drb_ra"
"142.188.91.223","https://twitter.com/drb_ra/status/1675034017849024513","Qakbot","drb_ra"
"80.13.179.151","https://twitter.com/drb_ra/status/1675034035045769216","Qakbot","drb_ra"
"102.157.55.91","https://twitter.com/drb_ra/status/1675034072857427969","Qakbot","drb_ra"
"130.43.54.94","https://twitter.com/drb_ra/status/1675034085893308416","Qakbot","drb_ra"
"197.83.246.16","https://twitter.com/drb_ra/status/1675034103442186240","Qakbot","drb_ra"
"45.62.67.213","https://twitter.com/drb_ra/status/1675034113600782336","Qakbot","drb_ra"
"159.65.235.56","https://twitter.com/drb_ra/status/1675034158182039553","Dcrat","drb_ra"
"187.170.150.119","https://twitter.com/drb_ra/status/1675034204180979712","Qakbot","drb_ra"
"151.213.67.195","https://twitter.com/drb_ra/status/1675034233985744898","Qakbot","drb_ra"
"43.163.201.174","https://twitter.com/noladefense/status/1675056209890557952","phishing","noladefense"
"103.186.84.125","https://twitter.com/noladefense/status/1675067508540178433","phishing","noladefense"
"103.101.176.20","https://twitter.com/noladefense/status/1675071289600425984","phishing","noladefense"
"198.46.193.185","https://twitter.com/noladefense/status/1675082614804209665","phishing","noladefense"
"159.223.72.123","https://twitter.com/drb_ra/status/1675088369959796736","CobaltStrike","drb_ra"
"39.100.75.193","https://twitter.com/drb_ra/status/1675088411953168384","CobaltStrike","drb_ra"
"35.164.156.232","https://twitter.com/drb_ra/status/1675088436514938881","CobaltStrike","drb_ra"
"120.132.81.131","https://twitter.com/drb_ra/status/1675088507696562178","CobaltStrike","drb_ra"
"64.176.44.244","https://twitter.com/drb_ra/status/1675088525476220928","CobaltStrike","drb_ra"
"39.104.57.62","https://twitter.com/drb_ra/status/1675088555285131264","CobaltStrike","drb_ra"
"117.50.184.22","https://twitter.com/drb_ra/status/1675088588684378112","CobaltStrike","drb_ra"
"49.232.214.202","https://twitter.com/drb_ra/status/1675088605100777474","CobaltStrike","drb_ra"
"82.156.225.16","https://twitter.com/drb_ra/status/1675088635371061249","CobaltStrike","drb_ra"
"175.178.53.131","https://twitter.com/drb_ra/status/1675088680438964224","CobaltStrike","drb_ra"
"125.124.50.87","https://twitter.com/drb_ra/status/1675088696566067200","CobaltStrike","drb_ra"
"47.97.22.116","https://twitter.com/drb_ra/status/1675088729487167492","CobaltStrike","drb_ra"
"69.49.245.80","https://twitter.com/noladefense/status/1675090182117130240","phishing","noladefense"
"101.35.47.120","https://twitter.com/drb_ra/status/1675094126914568192","CobaltStrike","drb_ra"
"119.91.31.246","https://twitter.com/drb_ra/status/1675094198976929793","CobaltStrike","drb_ra"
"103.39.78.166","https://twitter.com/drb_ra/status/1675094263598546944","CobaltStrike","drb_ra"
"111.230.194.172","https://twitter.com/drb_ra/status/1675094321119232001","CobaltStrike","drb_ra"
"8.140.20.239","https://twitter.com/drb_ra/status/1675121067600355328","CobaltStrike","drb_ra"
"47.108.52.84","https://twitter.com/drb_ra/status/1675121113003618304","CobaltStrike","drb_ra"
"43.138.19.240","https://twitter.com/drb_ra/status/1675121195115479040","CobaltStrike","drb_ra"
"139.155.75.156","https://twitter.com/drb_ra/status/1675121370429112321","CobaltStrike","drb_ra"
"62.233.57.213","https://twitter.com/drb_ra/status/1675121428176273408","CobaltStrike","drb_ra"
"8.134.122.165","https://twitter.com/drb_ra/status/1675121497340297216","CobaltStrike","drb_ra"
"121.40.174.104","https://twitter.com/drb_ra/status/1675121559717965825","CobaltStrike","drb_ra"
"42.192.16.196","https://twitter.com/drb_ra/status/1675121618501222400","CobaltStrike","drb_ra"
"106.14.75.240","https://twitter.com/drb_ra/status/1675121910160424962","CobaltStrike","drb_ra"
"20.51.234.154","https://twitter.com/drb_ra/status/1675121940426530816","CobaltStrike","drb_ra"
"43.153.206.194","https://twitter.com/drb_ra/status/1675122037298266112","CobaltStrike","drb_ra"
"208.87.206.157","https://twitter.com/noladefense/status/1675122962284834816","phishing","noladefense"
"47.87.154.160","https://twitter.com/noladefense/status/1675139227196047360","phishing","noladefense"
"62.210.219.71","https://twitter.com/noladefense/status/1675139246569533441","phishing","noladefense"
"194.36.170.185","https://twitter.com/harugasumi/status/1675156761312120837","phishing","harugasumi"
"107.173.210.73","https://twitter.com/noladefense/status/1675159110361202690","phishing","noladefense"
"182.162.17.130","https://twitter.com/noladefense/status/1675173527467466753","phishing","noladefense"
"157.120.32.136","https://twitter.com/noladefense/status/1675180763614945280","phishing","noladefense"
"8.142.69.99","https://twitter.com/drb_ra/status/1675192148906373120","CobaltStrike","drb_ra"
"39.152.39.205","https://twitter.com/drb_ra/status/1675192191000387585","CobaltStrike","drb_ra"
"1.13.180.191","https://twitter.com/drb_ra/status/1675192209308565504","CobaltStrike","drb_ra"
"8.137.97.92","https://twitter.com/drb_ra/status/1675192256683204608","CobaltStrike","drb_ra"
"43.139.116.197","https://twitter.com/drb_ra/status/1675192309770510336","CobaltStrike","drb_ra"
"23.224.61.71","https://twitter.com/drb_ra/status/1675192359670239232","CobaltStrike","drb_ra"
"121.5.134.64","https://twitter.com/drb_ra/status/1675192406977675268","CobaltStrike","drb_ra"
"119.96.110.41","https://twitter.com/drb_ra/status/1675192441060614145","CobaltStrike","drb_ra"
"193.239.85.12","https://twitter.com/drb_ra/status/1675192465744179203","CobaltStrike","drb_ra"
"43.153.176.66","https://twitter.com/noladefense/status/1675195891056103425","phishing","noladefense"
"213.226.123.202","https://twitter.com/silentpush_labs/status/1675202614336561152","phishing","silentpush_labs"
"159.69.18.65","https://twitter.com/noladefense/status/1675203441801527302","phishing","noladefense"
"194.116.214.200","https://twitter.com/noladefense/status/1675214724630212612","phishing","noladefense"
"185.241.208.121","https://twitter.com/drb_ra/status/1675215512115064833","Dcrat","drb_ra"
"105.157.111.71","https://twitter.com/drb_ra/status/1675215533334048768","Qakbot","drb_ra"
"217.165.14.150","https://twitter.com/drb_ra/status/1675215569056923648","Qakbot","drb_ra"
"197.0.88.92","https://twitter.com/drb_ra/status/1675215601940217856","Qakbot","drb_ra"
"107.172.158.170","https://twitter.com/noladefense/status/1675232012783828996","phishing","noladefense"
"122.128.107.243","https://twitter.com/ViriBack/status/1675245167668781057","malware","ViriBack"
"117.18.15.215","https://twitter.com/noladefense/status/1675256257127563264","phishing","noladefense"
"121.37.163.196","https://twitter.com/drb_ra/status/1675273627107721226","CobaltStrike","drb_ra"
"114.132.74.172","https://twitter.com/drb_ra/status/1675273658170765312","CobaltStrike","drb_ra"
"165.22.186.220","https://twitter.com/drb_ra/status/1675273704475967489","CobaltStrike","drb_ra"
"167.172.1.42","https://twitter.com/drb_ra/status/1675273704475967489","CobaltStrike","drb_ra"
"34.92.14.229","https://twitter.com/drb_ra/status/1675273741553500161","CobaltStrike","drb_ra"
"114.132.243.226","https://twitter.com/drb_ra/status/1675273777574289408","CobaltStrike","drb_ra"
"155.94.179.125","https://twitter.com/ozuma5119/status/1675288956160860160","phishing","ozuma5119"
"43.163.201.174","https://twitter.com/noladefense/status/1675297774416347137","phishing","noladefense"
"23.160.193.199","https://twitter.com/noladefense/status/1675301602410758146","phishing","noladefense"
"194.116.214.200","https://twitter.com/noladefense/status/1675309136391593987","phishing","noladefense"
"162.254.39.93","https://twitter.com/noladefense/status/1675312888431489024","phishing","noladefense"
"43.153.176.66","https://twitter.com/noladefense/status/1675320472651673600","phishing","noladefense"
"198.46.193.185","https://twitter.com/noladefense/status/1675324199357825024","phishing","noladefense"
"139.224.189.177","https://twitter.com/drb_ra/status/1675331469412126726","CobaltStrike","drb_ra"
"185.106.93.161","https://twitter.com/noladefense/status/1675331781082349568","phishing","noladefense"
"47.87.154.160","https://twitter.com/noladefense/status/1675339310172610565","phishing","noladefense"
"107.172.158.170","https://twitter.com/noladefense/status/1675361954137874433","phishing","noladefense"
"116.80.58.61","https://twitter.com/noladefense/status/1675365729380585472","phishing","noladefense"
"157.120.32.137","https://twitter.com/noladefense/status/1675373283238191104","phishing","noladefense"
"160.248.0.89","https://twitter.com/noladefense/status/1675373293946241024","phishing","noladefense"
"103.101.176.20","https://twitter.com/noladefense/status/1675380811380523010","phishing","noladefense"
"8.219.190.145","https://twitter.com/noladefense/status/1675383579616968704","phishing","noladefense"
"125.22.128.74","https://twitter.com/drb_ra/status/1675396860897271810","Qakbot","drb_ra"
"201.171.21.205","https://twitter.com/drb_ra/status/1675396883940777984","Qakbot","drb_ra"
"181.99.53.124","https://twitter.com/drb_ra/status/1675396910029447169","Qakbot","drb_ra"
"34.87.163.253","https://twitter.com/noladefense/status/1675403461423247360","phishing","noladefense"
"170.130.55.32","https://twitter.com/noladefense/status/1675426145238413312","phishing","noladefense"
"134.122.188.139","https://twitter.com/noladefense/status/1675426899403632640","phishing","noladefense"
"120.55.191.186","https://twitter.com/drb_ra/status/1675441236830744576","CobaltStrike","drb_ra"
"38.47.221.99","https://twitter.com/drb_ra/status/1675448368519102464","CobaltStrike","drb_ra"
"120.46.188.187","https://twitter.com/drb_ra/status/1675448443626561537","CobaltStrike","drb_ra"
"52.220.77.124","https://twitter.com/drb_ra/status/1675448477352951809","CobaltStrike","drb_ra"
"79.124.40.70","https://twitter.com/drb_ra/status/1675448553970253824","CobaltStrike","drb_ra"
"20.190.193.19","https://twitter.com/drb_ra/status/1675448640167370756","CobaltStrike","drb_ra"
"107.172.157.40","https://twitter.com/drb_ra/status/1675448676867530753","CobaltStrike","drb_ra"
"35.200.129.221","https://twitter.com/Ox4d5a/status/1675458112319549441","malware","Ox4d5a"
"117.18.15.215","https://twitter.com/noladefense/status/1675482753683320832","phishing","noladefense"
"69.49.247.183","https://twitter.com/noladefense/status/1675497877336891392","phishing","noladefense"
"194.124.216.229","https://twitter.com/noladefense/status/1675505392250413056","phishing","noladefense"
"172.190.220.59","https://twitter.com/noladefense/status/1675512975589769216","phishing","noladefense"
"124.220.160.23","https://twitter.com/drb_ra/status/1675521027080585216","CobaltStrike","drb_ra"
"47.93.102.149","https://twitter.com/drb_ra/status/1675521297596465152","CobaltStrike","drb_ra"
"47.105.53.99","https://twitter.com/drb_ra/status/1675521893095415810","CobaltStrike","drb_ra"
"182.92.181.146","https://twitter.com/drb_ra/status/1675542413400522752","CobaltStrike","drb_ra"
"47.108.24.98","https://twitter.com/drb_ra/status/1675542481784512513","CobaltStrike","drb_ra"
"120.26.72.194","https://twitter.com/drb_ra/status/1675542580828815362","CobaltStrike","drb_ra"
"47.108.218.63","https://twitter.com/drb_ra/status/1675542607898763264","CobaltStrike","drb_ra"
"185.193.125.187","https://twitter.com/drb_ra/status/1675542700890681346","CobaltStrike","drb_ra"
"47.87.144.156","https://twitter.com/noladefense/status/1675550144282910722","phishing","noladefense"
"112.49.170.26","https://twitter.com/bJHdRKAdEEZQ5bW/status/1675558123782967296","phishing","bJHdRKAdEEZQ5bW"
"185.251.90.164","https://twitter.com/silentpush_labs/status/1675564999132184576","phishing","silentpush_labs"
"157.120.33.160","https://twitter.com/noladefense/status/1675573344479920128","phishing","noladefense"
"116.80.77.162","https://twitter.com/noladefense/status/1675573361643012097","phishing","noladefense"
"107.172.25.44","https://twitter.com/noladefense/status/1675577122818076673","phishing","noladefense"
"87.221.197.81","https://twitter.com/drb_ra/status/1675577573416263680","Qakbot","drb_ra"
"125.22.128.75","https://twitter.com/drb_ra/status/1675577667251232771","Qakbot","drb_ra"
"45.77.175.130","https://twitter.com/drb_ra/status/1675577716538585089","Dcrat","drb_ra"
"157.120.59.68","https://twitter.com/noladefense/status/1675584672892432384","phishing","noladefense"
"23.160.193.67","https://twitter.com/noladefense/status/1675592213869342721","phishing","noladefense"
"158.51.96.17","https://twitter.com/noladefense/status/1675592235981611010","phishing","noladefense"
"103.186.84.124","https://twitter.com/noladefense/status/1675607314429014019","phishing","noladefense"
"34.146.139.84","https://twitter.com/kubotaa3/status/1675620355883552768","phishing","kubotaa3"
"205.144.171.34","https://twitter.com/noladefense/status/1675629973401481217","phishing","noladefense"
"129.211.222.142","https://twitter.com/drb_ra/status/1675633239615057922","CobaltStrike","drb_ra"
"124.71.34.132","https://twitter.com/drb_ra/status/1675633770869714950","CobaltStrike","drb_ra"
"43.138.19.240","https://twitter.com/drb_ra/status/1675633936897044481","CobaltStrike","drb_ra"
"204.44.87.115","https://twitter.com/noladefense/status/1675637323847835649","phishing","noladefense"
"43.143.186.7","https://twitter.com/drb_ra/status/1675638733314355200","CobaltStrike","drb_ra"
"209.141.32.98","https://twitter.com/drb_ra/status/1675638819465379840","CobaltStrike","drb_ra"
"43.140.250.89","https://twitter.com/drb_ra/status/1675638849274355720","CobaltStrike","drb_ra"
"185.234.114.92","https://twitter.com/drb_ra/status/1675638890852499456","CobaltStrike","drb_ra"
"69.165.70.101","https://twitter.com/drb_ra/status/1675638996163084289","CobaltStrike","drb_ra"
"47.74.49.74","https://twitter.com/kubotaa3/status/1675651583697375236","phishing","kubotaa3"
"198.98.50.162","https://twitter.com/KesaGataMe0/status/1675657651827654656","phishing","KesaGataMe0"
"23.147.225.150","https://twitter.com/KesaGataMe0/status/1675658191831703554","phishing","KesaGataMe0"
"43.163.201.174","https://twitter.com/noladefense/status/1675660154363150339","phishing","noladefense"
"34.146.139.84","https://twitter.com/KesaGataMe0/status/1675661993502732288","phishing","KesaGataMe0"
"43.153.176.66","https://twitter.com/KesaGataMe0/status/1675667809068781569","phishing","KesaGataMe0"
"107.172.25.44","https://twitter.com/KesaGataMe0/status/1675677287856091136","phishing","KesaGataMe0"
"158.51.96.17","https://twitter.com/KesaGataMe0/status/1675677610297417728","phishing","KesaGataMe0"
"198.251.88.175","https://twitter.com/KesaGataMe0/status/1675678152948088832","phishing","KesaGataMe0"
"104.233.167.30","https://twitter.com/KesaGataMe0/status/1675683063362359298","phishing","KesaGataMe0"
"154.39.152.122","https://twitter.com/noladefense/status/1675686578025381888","phishing","noladefense"
"204.44.87.115","https://twitter.com/ozuma5119/status/1675689963218939904","phishing","ozuma5119"
"202.95.13.207","https://twitter.com/noladefense/status/1675690352576004096","phishing","noladefense"
"154.23.187.236","https://twitter.com/noladefense/status/1675690366685655040","phishing","noladefense"
"162.240.103.253","https://twitter.com/noladefense/status/1675690411401117697","phishing","noladefense"
"64.227.18.171","https://twitter.com/drb_ra/status/1675691419556630530","CobaltStrike","drb_ra"
"161.34.67.141","https://twitter.com/noladefense/status/1675694134336552960","phishing","noladefense"
"103.186.84.124","https://twitter.com/noladefense/status/1675694151663271936","phishing","noladefense"
"185.106.93.161","https://twitter.com/noladefense/status/1675694185981042688","phishing","noladefense"
"45.66.221.0","https://twitter.com/noladefense/status/1675694198685573126","phishing","noladefense"
"194.116.214.200","https://twitter.com/noladefense/status/1675731965461381121","phishing","noladefense"
"202.146.218.115","https://twitter.com/KesaGataMe0/status/1675734310358495233","phishing","KesaGataMe0"
"5.79.91.233","https://twitter.com/K_N1kolenko/status/1675735257302155265","RedLine","K_N1kolenko"
"179.43.162.93","https://twitter.com/K_N1kolenko/status/1675735257302155265","RedLine","K_N1kolenko"
"162.240.35.239","https://twitter.com/noladefense/status/1675754527935348736","phishing","noladefense"
"209.97.135.107","https://twitter.com/UK_Daniel_Card/status/1675754763709710336","CobaltStrike","UK_Daniel_Card"
"18.134.98.91","https://twitter.com/UK_Daniel_Card/status/1675754763709710336","CobaltStrike","UK_Daniel_Card"
"107.174.224.123","https://twitter.com/noladefense/status/1675758303417192450","phishing","noladefense"
"109.150.93.177","https://twitter.com/drb_ra/status/1675758862803120128","Qakbot","drb_ra"
"167.56.202.246","https://twitter.com/drb_ra/status/1675758936794836992","Qakbot","drb_ra"
"76.68.170.182","https://twitter.com/drb_ra/status/1675759460751482880","Qakbot","drb_ra"
"198.46.193.185","https://twitter.com/noladefense/status/1675762690734583808","phishing","noladefense"
"46.17.41.50","https://twitter.com/drb_ra/status/1675781731369070593","CobaltStrike","drb_ra"
"198.211.58.80","https://twitter.com/drb_ra/status/1675783279566364672","CobaltStrike","drb_ra"
"185.158.94.217","https://twitter.com/drb_ra/status/1675783317894090752","CobaltStrike","drb_ra"
"101.99.95.71","https://twitter.com/drb_ra/status/1675784355262656512","CobaltStrike","drb_ra"
"103.234.72.150","https://twitter.com/drb_ra/status/1675784385709199360","CobaltStrike","drb_ra"
"101.42.230.136","https://twitter.com/drb_ra/status/1675784416528850944","CobaltStrike","drb_ra"
"1.15.247.249","https://twitter.com/drb_ra/status/1675784445033340928","CobaltStrike","drb_ra"
"43.139.116.197","https://twitter.com/drb_ra/status/1675784474435436546","CobaltStrike","drb_ra"
"121.37.111.82","https://twitter.com/drb_ra/status/1675784504240218114","CobaltStrike","drb_ra"
"124.221.76.197","https://twitter.com/drb_ra/status/1675784532472078338","CobaltStrike","drb_ra"
"101.33.231.180","https://twitter.com/drb_ra/status/1675784558468374530","CobaltStrike","drb_ra"
"121.40.209.5","https://twitter.com/noladefense/status/1675784724680265728","phishing","noladefense"
"194.124.216.229","https://twitter.com/noladefense/status/1675788534005784578","phishing","noladefense"
"199.195.251.23","https://twitter.com/drb_ra/status/1675801279820451846","CobaltStrike","drb_ra"
"154.8.193.49","https://twitter.com/drb_ra/status/1675801312313724929","CobaltStrike","drb_ra"
"107.173.83.62","https://twitter.com/drb_ra/status/1675801347600404483","CobaltStrike","drb_ra"
"175.178.3.16","https://twitter.com/drb_ra/status/1675801379359674369","CobaltStrike","drb_ra"
"124.70.159.242","https://twitter.com/drb_ra/status/1675801414382043136","CobaltStrike","drb_ra"
"101.43.13.21","https://twitter.com/drb_ra/status/1675801455192682497","CobaltStrike","drb_ra"
"43.138.188.41","https://twitter.com/drb_ra/status/1675801990108962816","CobaltStrike","drb_ra"
"8.218.129.91","https://twitter.com/drb_ra/status/1675802032962142213","CobaltStrike","drb_ra"
"47.99.130.245","https://twitter.com/drb_ra/status/1675802082710892544","CobaltStrike","drb_ra"
"154.39.81.76","https://twitter.com/drb_ra/status/1675802123999629313","CobaltStrike","drb_ra"
"198.251.88.208","https://twitter.com/kubotaa3/status/1675839722877513728","phishing","kubotaa3"
"43.139.136.224","https://twitter.com/drb_ra/status/1675845207634464768","CobaltStrike","drb_ra"
"209.159.147.154","https://twitter.com/yvesago/status/1675845342732992515","phishing","yvesago"
"65.111.173.62","https://twitter.com/noladefense/status/1675852702796873732","phishing","noladefense"
"107.172.90.32","https://twitter.com/harugasumi/status/1675854277162721281","phishing","harugasumi"
"8.219.190.145","https://twitter.com/noladefense/status/1675864093851369472","phishing","noladefense"
"35.200.129.221","https://twitter.com/Ox4d5a/status/1675864776340275201","malware","Ox4d5a"
"199.34.228.96","https://twitter.com/noladefense/status/1675867786483048448","phishing","noladefense"
"112.51.62.107","https://twitter.com/bJHdRKAdEEZQ5bW/status/1675871159202746368","phishing","bJHdRKAdEEZQ5bW"
"107.173.211.106","https://twitter.com/harugasumi/status/1675872182642278401","phishing","harugasumi"
